<?xml version="1.0" encoding="UTF-8"?>
<fileResource exportedWithPermissions="true" dataFile="FoodmartVariableGrant.data">
    <folder>/organizations/organization_1/analysis/schemas</folder>
    <name>FoodmartVariableGrant</name>
    <version>0</version>
    <label>Foodmart Variable Grant</label>
    <description>ANALYSIS Foodmart Variable Grant</description>
    <creationDate>2021-10-29T02:05:14.000-07:00</creationDate>
    <updateDate>2021-10-29T02:05:14.000-07:00</updateDate>
    <fileType>accessGrantSchema</fileType>
</fileResource>
