<?xml version="1.0" encoding="UTF-8"?>
<jdbcDataSource exportedWithPermissions="true">
    <folder>/datasources</folder>
    <name>JServerJdbcDS</name>
    <version>0</version>
    <label>JServer Jdbc Data Source</label>
    <description>JServer Jdbc Data Source</description>
    <creationDate>2021-10-29T09:14:00.211-07:00</creationDate>
    <updateDate>2021-10-29T09:14:00.211-07:00</updateDate>
    <driver>org.postgresql.Driver</driver>
    <connectionUrl>jdbc:postgresql://ci-catalogs-postgresql.jaspersoft.com:5432/suupdate</connectionUrl>
    <connectionUser>ci_agent</connectionUser>
    <connectionPassword>ENC&lt;4A5253495600000010751B7A839089B4BB223061DDBBBE7B9F1E2CE82EF8DBB5ADB595213AADF2B41E&gt;</connectionPassword>
</jdbcDataSource>
