<?xml version="1.0" encoding="UTF-8"?>
<jdbcDataSource exportedWithPermissions="true">
    <folder>/organizations/organization_1/datasources</folder>
    <name>JServerJdbcDS</name>
    <version>0</version>
    <label>JServer Jdbc Data Source</label>
    <description>JServer Jdbc Data Source</description>
    <creationDate>2023-04-19T04:32:11.175-07:00</creationDate>
    <updateDate>2023-04-19T04:32:11.175-07:00</updateDate>
    <driver>org.postgresql.Driver</driver>
    <connectionUrl>jdbc:postgresql://ci-catalogs-na2-postgresql.jaspersoft.com:5432/suupdate</connectionUrl>
    <connectionUser>ci_agent</connectionUser>
    <connectionPassword>ENC&lt;4A5253495600000010EA1F1D609A8A50CD87C0A302F0DF5C20CAADC37C2E3166D8941E9561C405F166&gt;</connectionPassword>
</jdbcDataSource>
