<?xml version="1.0" encoding="UTF-8"?>
<reportUnit exportedWithPermissions="true">
    <folder>/organizations/organization_1/adhoc/topics</folder>
    <name>CrosstabDemo</name>
    <version>0</version>
    <label>foodmart data for crosstab</label>
    <description>foodmart data for crosstab</description>
    <creationDate>2023-04-19T04:33:17.000-07:00</creationDate>
    <updateDate>2023-04-19T04:33:17.000-07:00</updateDate>
    <mainReport>
        <localResource
            xmlns:xsi="http://www.w3.org/2001/XMLSchema-instance"
            exportedWithPermissions="false" dataFile="CrosstabDemo.data" xsi:type="fileResource">
            <folder>/organizations/organization_1/adhoc/topics/CrosstabDemo_files</folder>
            <name>CrosstabDemo</name>
            <version>0</version>
            <label>foodmart data for crosstab</label>
            <description>foodmart data for crosstab</description>
            <creationDate>2023-04-19T04:33:17.000-07:00</creationDate>
            <updateDate>2023-04-19T04:33:17.000-07:00</updateDate>
            <fileType>jrxml</fileType>
        </localResource>
    </mainReport>
    <dataSource>
        <uri>/organizations/organization_1/analysis/datasources/FoodmartDataSourceJNDI</uri>
    </dataSource>
    <alwaysPromptControls>false</alwaysPromptControls>
    <controlsLayout>1</controlsLayout>
</reportUnit>
