<?xml version="1.0" encoding="UTF-8"?>
<fileResource exportedWithPermissions="true" dataFile="sourcesanspro-bold-webfont.woff2.data">
    <folder>/organizations/organization_1/themes/default/fonts</folder>
    <name>sourcesanspro-bold-webfont.woff2</name>
    <version>0</version>
    <label>sourcesanspro-bold-webfont.woff2</label>
    <creationDate>2021-10-29T02:03:16.773-07:00</creationDate>
    <updateDate>2021-10-29T02:03:16.773-07:00</updateDate>
    <fileType>font</fileType>
</fileResource>
