<?xml version="1.0" encoding="UTF-8"?>
<xmlaConnection exportedWithPermissions="true">
    <folder>/organizations/organization_1/analysis/connections</folder>
    <name>SugarCRMXmlaConnection</name>
    <version>2</version>
    <label>SugarCRM XML/A Connection</label>
    <description>SugarCRM XML/A Connection</description>
    <creationDate>2023-04-19T04:32:45.000-07:00</creationDate>
    <updateDate>2023-04-19T04:33:19.000-07:00</updateDate>
    <connectionURL>http://localhost:8080/jasperserver-pro/xmla</connectionURL>
    <dataSource>Provider=Mondrian;DataSource=JRS</dataSource>
    <catalog>SugarCRM</catalog>
    <connectionUser>jasperadmin|organization_1</connectionUser>
    <connectionPassword>ENC&lt;4A52534956000000107E66DFA66EAC65C88A09AD852ADED3909CDD777EEAF167350369F86B14520CB6&gt;</connectionPassword>
</xmlaConnection>
