<?xml version="1.0" encoding="UTF-8"?>
<export><property name="keyalias" value="b3d8b4d9-e624-491a-b682-d3165c0b069c"/><module id="tenants"><organization>organizations</organization></module><module id="authority"><user>jasperadmin</user><user>anonymousUser</user><user>joeuser</user><role>ROLE_ADMINISTRATOR</role><role>ROLE_USER</role><role>ROLE_ANONYMOUS</role></module><module id="repositoryResources"><folder>/</folder></module><module id="calendars"><calendar>New Years Days</calendar></module><module id="reportJobs"/><property name="pathProcessorId" value="zip"/><property name="rootTenantId" value="organizations"/><property name="jsVersion" value="7.5.0 CE"/><property name="encrypted" value="4A52534956000000104757B1CE3CB44404D207789289E3C864CED9B058D28306EFBAA6B8E56023D7A0"/></export>