<?xml version="1.0" encoding="UTF-8"?>
<fileResource exportedWithPermissions="true" dataFile="sourcesanspro-regular-webfont.woff.data">
    <folder>/organizations/organization_1/themes/default/fonts</folder>
    <name>sourcesanspro-regular-webfont.woff</name>
    <version>0</version>
    <label>sourcesanspro-regular-webfont.woff</label>
    <creationDate>2023-04-19T04:29:56.000-07:00</creationDate>
    <updateDate>2023-04-19T04:29:56.000-07:00</updateDate>
    <fileType>font</fileType>
</fileResource>
