<?xml version="1.0" encoding="UTF-8"?>
<reportUnit exportedWithPermissions="true">
    <folder>/public/adhoc/topics</folder>
    <name>JSDiagnosticTopic</name>
    <version>0</version>
    <label>Diagnostic Topic</label>
    <description></description>
    <creationDate>2021-10-29T02:05:12.000-07:00</creationDate>
    <updateDate>2012-09-26T10:59:42.000-07:00</updateDate>
    <permission>
        <permissionMask>0</permissionMask>
        <recipient recipientType="role">ROLE_USER</recipient>
    </permission>
    <permission>
        <permissionMask>0</permissionMask>
        <recipient recipientType="role">ROLE_ADMINISTRATOR</recipient>
    </permission>
    <mainReport>
        <localResource
            xmlns:xsi="http://www.w3.org/2001/XMLSchema-instance"
            exportedWithPermissions="false"
            dataFile="JSDiagnosticTopic_jrxml.data" xsi:type="fileResource">
            <folder>/public/adhoc/topics/JSDiagnosticTopic_files</folder>
            <name>JSDiagnosticTopic_jrxml</name>
            <version>0</version>
            <label>Main jrxml</label>
            <description>Main jrxml</description>
            <creationDate>2021-10-29T02:05:12.000-07:00</creationDate>
            <updateDate>2012-09-26T11:00:34.000-07:00</updateDate>
            <fileType>jrxml</fileType>
        </localResource>
    </mainReport>
    <dataSource>
        <uri>/public/diagnostic/JSDiagnosticDataSource</uri>
    </dataSource>
    <alwaysPromptControls>true</alwaysPromptControls>
    <controlsLayout>1</controlsLayout>
</reportUnit>
