<?xml version="1.0" encoding="UTF-8"?>
<fileResource exportedWithPermissions="true" dataFile="recent_items_icons_sprite@2x.png.data">
    <folder>/organizations/organization_1/themes/default/images</folder>
    <name>recent_items_icons_sprite@2x.png</name>
    <version>0</version>
    <label>recent_items_icons_sprite@2x.png</label>
    <creationDate>2021-10-29T02:03:37.000-07:00</creationDate>
    <updateDate>2021-10-29T02:03:37.000-07:00</updateDate>
    <fileType>img</fileType>
</fileResource>
