<?xml version="1.0" encoding="UTF-8"?>
<user>
    <username>CaliforniaUser</username>
    <fullName>California User</fullName>
    <password>ENC&lt;4A5253495600000010A20A546BBA75D3EAF05119864A40D212251172209FF9F9B514A666C2812F8214&gt;</password>
    <externallyDefined>false</externallyDefined>
    <enabled>true</enabled>
    <role>ROLE_SUPERMART_MANAGER</role>
    <role>ROLE_USER</role>
    <attribute name="State">
        <value>CA</value>
    </attribute>
    <attribute name="Cities">
        <value>San Francisco, Oakland, San Jose</value>
    </attribute>
    <previousPasswordChangeTime>2023-04-19T04:32:41.516-07:00</previousPasswordChangeTime>
    <tenantId>organization_1</tenantId>
</user>
