<?xml version="1.0" encoding="UTF-8"?>
<user>
    <username>CaliforniaUser</username>
    <fullName>California User</fullName>
    <password>ENC&lt;4A525349560000001089ADD12CFF863EF9257E10C237B2184A1F1CF6DAEB0F195B509F2F05EB7EB962&gt;</password>
    <externallyDefined>false</externallyDefined>
    <enabled>true</enabled>
    <role>ROLE_SUPERMART_MANAGER</role>
    <role>ROLE_USER</role>
    <attribute name="State">
        <value>CA</value>
    </attribute>
    <attribute name="Cities">
        <value>San Francisco, Oakland, San Jose</value>
    </attribute>
    <previousPasswordChangeTime>2021-10-29T02:05:01.290-07:00</previousPasswordChangeTime>
    <tenantId>organization_1</tenantId>
</user>
