<?xml version="1.0" encoding="UTF-8"?>
<user>
    <username>demo</username>
    <fullName>Demo User</fullName>
    <password>ENC&lt;4A525349560000001032FBFD55DEE0E72E22F373AC2EAE85850ABB2AE2F2886041D8D9314EA50FC827&gt;</password>
    <externallyDefined>false</externallyDefined>
    <enabled>true</enabled>
    <role>ROLE_DEMO</role>
    <role>ROLE_USER</role>
    <previousPasswordChangeTime>2023-04-19T04:32:42.518-07:00</previousPasswordChangeTime>
    <tenantId>organization_1</tenantId>
</user>
