<?xml version="1.0" encoding="UTF-8"?>
<user>
    <username>demo</username>
    <fullName>Demo User</fullName>
    <password>ENC&lt;4A525349560000001071DF58A297F147E881EB60A92FEBF3FE9B6C157006AD0646A281CB2FCFB044EB&gt;</password>
    <externallyDefined>false</externallyDefined>
    <enabled>true</enabled>
    <role>ROLE_DEMO</role>
    <role>ROLE_USER</role>
    <previousPasswordChangeTime>2021-10-29T02:05:02.236-07:00</previousPasswordChangeTime>
    <tenantId>organization_1</tenantId>
</user>
