<?xml version="1.0" encoding="UTF-8"?>
<user>
    <username>jasperadmin</username>
    <fullName>jasperadmin User</fullName>
    <password>ENC&lt;4A525349560000001061FFE80BFB375593037735381E38B26585841F5985D7240451AC7822EE5E8DEC&gt;</password>
    <externallyDefined>false</externallyDefined>
    <enabled>true</enabled>
    <role>ROLE_ADMINISTRATOR</role>
    <role>ROLE_USER</role>
    <previousPasswordChangeTime>2023-04-19T04:29:44.242-07:00</previousPasswordChangeTime>
    <tenantId>organization_1</tenantId>
</user>
