<?xml version="1.0" encoding="UTF-8"?>
<user>
    <username>jasperadmin</username>
    <fullName>jasperadmin User</fullName>
    <password>ENC&lt;4A5253495600000010EB5316FC5831B2BE103D09C9A9EB28E520106656422F310BF2665607099781AD&gt;</password>
    <externallyDefined>false</externallyDefined>
    <enabled>true</enabled>
    <role>ROLE_ADMINISTRATOR</role>
    <role>ROLE_USER</role>
    <previousPasswordChangeTime>2021-10-29T02:03:12.738-07:00</previousPasswordChangeTime>
    <tenantId>organization_1</tenantId>
</user>
