<?xml version="1.0" encoding="UTF-8"?>
<user>
    <username>jasperadmin</username>
    <fullName>jasperadmin User</fullName>
    <password>ENC&lt;4A5253495600000010F230AE4775EE54E2A52DE4667DFC88E917930AC9D115298E321E77D8966BC07F&gt;</password>
    <externallyDefined>false</externallyDefined>
    <enabled>true</enabled>
    <role>ROLE_ADMINISTRATOR</role>
    <role>ROLE_USER</role>
    <previousPasswordChangeTime>2023-04-19T04:29:47.000-07:00</previousPasswordChangeTime>
    <tenantId>organization_1</tenantId>
</user>
