<?xml version="1.0" encoding="UTF-8"?>
<jdbcDataSource exportedWithPermissions="true">
    <folder>/analysis/datasources</folder>
    <name>SugarCRMDataSource</name>
    <version>0</version>
    <label>SugarCRM Data Source</label>
    <description>SugarCRM Data Source</description>
    <creationDate>2021-10-29T09:14:00.729-07:00</creationDate>
    <updateDate>2021-10-29T09:14:00.729-07:00</updateDate>
    <driver>org.postgresql.Driver</driver>
    <connectionUrl>jdbc:postgresql://ci-catalogs-postgresql.jaspersoft.com:5432/suupdate</connectionUrl>
    <connectionUser>ci_agent</connectionUser>
    <connectionPassword>ENC&lt;4A52534956000000105B4F14DF2F22CEFFD0F2705D7E4229BA1426133896D71BFA8C0F3CCCB35BAF5F&gt;</connectionPassword>
</jdbcDataSource>
