<?xml version="1.0" encoding="UTF-8"?>
<xmlaConnection exportedWithPermissions="true">
    <folder>/analysis/connections</folder>
    <name>SugarCRMXmlaConnection</name>
    <version>0</version>
    <label>SugarCRM XML/A Connection</label>
    <description>SugarCRM XML/A Connection</description>
    <creationDate>2021-10-29T09:14:01.029-07:00</creationDate>
    <updateDate>2021-10-29T09:14:01.029-07:00</updateDate>
    <connectionURL>http://localhost:8080/jasperserver/xmla</connectionURL>
    <dataSource>Provider=Mondrian;DataSource=JRS</dataSource>
    <catalog>SugarCRM</catalog>
    <connectionUser>jasperadmin</connectionUser>
    <connectionPassword>ENC&lt;4A5253495600000010DD83B204778FE6C9BE8BDF68A67C5AD63721BEC35B6467B2AAE87FACCFF1EF20&gt;</connectionPassword>
</xmlaConnection>
