<?xml version="1.0" encoding="UTF-8"?>
<user>
    <username>CaliforniaUser</username>
    <fullName>California User</fullName>
    <password>ENC&lt;4A525349560000001074E908603EFC952DBD137E183769FE156DD4FD021C8E8522D3E2A4B9BE50B5EF&gt;</password>
    <externallyDefined>false</externallyDefined>
    <enabled>true</enabled>
    <role>ROLE_USER</role>
    <role>ROLE_SUPERMART_MANAGER</role>
    <attribute name="State">
        <value>CA</value>
    </attribute>
    <attribute name="Cities">
        <value>San Francisco, Oakland, San Jose</value>
    </attribute>
    <previousPasswordChangeTime>2023-04-19T04:33:19.000-07:00</previousPasswordChangeTime>
    <tenantId>organization_1</tenantId>
</user>
