<?xml version="1.0" encoding="UTF-8"?>
<user>
    <username>demo</username>
    <fullName>Demo User</fullName>
    <password>ENC&lt;4A5253495600000010FB34410C0F52A6482066D78C27FB43AAF6DA8C7D5F2ED67EF7297A972EAB26A7&gt;</password>
    <externallyDefined>false</externallyDefined>
    <enabled>true</enabled>
    <role>ROLE_DEMO</role>
    <role>ROLE_USER</role>
    <previousPasswordChangeTime>2021-10-29T02:05:16.000-07:00</previousPasswordChangeTime>
    <tenantId>organization_1</tenantId>
</user>
