<?xml version="1.0" encoding="UTF-8"?>
<user>
    <username>demo</username>
    <fullName>Demo User</fullName>
    <password>ENC&lt;4A5253495600000010C219039571AAC834AB26480BCBEDB023813B1CD4754B7BA67EE09B1ED02128CE&gt;</password>
    <externallyDefined>false</externallyDefined>
    <enabled>true</enabled>
    <role>ROLE_DEMO</role>
    <role>ROLE_USER</role>
    <previousPasswordChangeTime>2023-04-19T04:33:20.000-07:00</previousPasswordChangeTime>
    <tenantId>organization_1</tenantId>
</user>
