<?xml version="1.0" encoding="UTF-8"?>
<user>
    <username>jasperadmin</username>
    <fullName>jasperadmin User</fullName>
    <password>ENC&lt;4A52534956000000105B570ADC681AAB571BE7C12015C2C3960A3C4B7500473317F3FFEAA1B7822030&gt;</password>
    <externallyDefined>false</externallyDefined>
    <enabled>true</enabled>
    <role>ROLE_ADMINISTRATOR</role>
    <role>ROLE_USER</role>
    <previousPasswordChangeTime>2021-10-29T02:03:25.000-07:00</previousPasswordChangeTime>
    <tenantId>organization_1</tenantId>
</user>
