<?xml version="1.0" encoding="UTF-8"?>
<user>
    <username>jasperadmin</username>
    <fullName>jasperadmin User</fullName>
    <password>ENC&lt;4A525349560000001051AA88971A8CCA207D8CCCA3733255DCF94D7B2A394A863E2EFF894EA225BA1F&gt;</password>
    <externallyDefined>false</externallyDefined>
    <enabled>true</enabled>
    <role>ROLE_ADMINISTRATOR</role>
    <role>ROLE_USER</role>
    <previousPasswordChangeTime>2023-04-19T04:29:47.000-07:00</previousPasswordChangeTime>
    <tenantId>organization_1</tenantId>
</user>
