<?xml version="1.0" encoding="UTF-8"?>
<xmlaConnection exportedWithPermissions="true">
    <folder>/organizations/organization_1/analysis/connections</folder>
    <name>FoodmartXmlaConnection</name>
    <version>2</version>
    <label>Foodmart XML/A Connection</label>
    <description>Foodmart XML/A Connection</description>
    <creationDate>2021-10-29T02:04:38.794-07:00</creationDate>
    <updateDate>2021-10-29T02:05:01.135-07:00</updateDate>
    <connectionURL>http://localhost:8080/jasperserver-pro/xmla</connectionURL>
    <dataSource>Provider=Mondrian;DataSource=JRS</dataSource>
    <catalog>Foodmart</catalog>
    <connectionUser>jasperadmin|organization_1</connectionUser>
    <connectionPassword>ENC&lt;4A5253495600000010CE90B9D3309720274BF5A1AAE6C58D5913F4360F43AEE59107E509D4FBBD9F08&gt;</connectionPassword>
</xmlaConnection>
