<?xml version="1.0" encoding="UTF-8"?>
<xmlaConnection exportedWithPermissions="true">
    <folder>/organizations/organization_1/analysis/connections</folder>
    <name>SugarCRMXmlaConnection</name>
    <version>2</version>
    <label>SugarCRM XML/A Connection</label>
    <description>SugarCRM XML/A Connection</description>
    <creationDate>2023-04-19T04:32:12.797-07:00</creationDate>
    <updateDate>2023-04-19T04:32:41.479-07:00</updateDate>
    <connectionURL>http://localhost:8080/jasperserver-pro/xmla</connectionURL>
    <dataSource>Provider=Mondrian;DataSource=JRS</dataSource>
    <catalog>SugarCRM</catalog>
    <connectionUser>jasperadmin|organization_1</connectionUser>
    <connectionPassword>ENC&lt;4A5253495600000010C95395E20212E52B9C74C6FF87EA658A37F634C959D0E9EE7747620F927BFCF6&gt;</connectionPassword>
</xmlaConnection>
