<?xml version="1.0" encoding="UTF-8"?>
<folder exportedWithPermissions="true">
    <parent>/organizations/org_template</parent>
    <name>themes</name>
    <label>Themes</label>
    <description>themes</description>
    <creationDate>2021-10-29T02:04:54.000-07:00</creationDate>
    <updateDate>2021-10-29T02:04:54.000-07:00</updateDate>
    <folder>default</folder>
    <permission>
        <permissionMask>32</permissionMask>
        <recipient recipientType="role">ROLE_USER</recipient>
    </permission>
</folder>
