<?xml version="1.0" encoding="UTF-8"?>
<fileResource exportedWithPermissions="true" dataFile="supermart_en_US.properties.data">
    <folder>/organizations/organization_1/supermart/Common</folder>
    <name>supermart_en_US.properties</name>
    <version>0</version>
    <label>supermart_en_US.properties</label>
    <description>US English resource bundle</description>
    <creationDate>2021-10-29T02:05:00.229-07:00</creationDate>
    <updateDate>2021-10-29T02:05:00.229-07:00</updateDate>
    <fileType>prop</fileType>
</fileResource>
