<?xml version="1.0" encoding="UTF-8"?>
<fileResource exportedWithPermissions="true" dataFile="disclosure_indicators_icons_sprite.svg.data">
    <folder>/organizations/organization_1/themes/default/images</folder>
    <name>disclosure_indicators_icons_sprite.svg</name>
    <version>0</version>
    <label>disclosure_indicators_icons_sprite.svg</label>
    <creationDate>2023-04-19T04:30:00.575-07:00</creationDate>
    <updateDate>2023-04-19T04:30:00.575-07:00</updateDate>
    <fileType>img</fileType>
</fileResource>
