<?xml version="1.0" encoding="UTF-8"?>
<jdbcDataSource exportedWithPermissions="true">
    <folder>/organizations/organization_1/analysis/datasources</folder>
    <name>SugarCRMDataSource</name>
    <version>0</version>
    <label>SugarCRM Data Source</label>
    <description>SugarCRM Data Source</description>
    <creationDate>2021-10-29T02:04:38.656-07:00</creationDate>
    <updateDate>2021-10-29T02:04:38.656-07:00</updateDate>
    <driver>org.postgresql.Driver</driver>
    <connectionUrl>jdbc:postgresql://ci-catalogs-postgresql.jaspersoft.com:5432/suupdate</connectionUrl>
    <connectionUser>ci_agent</connectionUser>
    <connectionPassword>ENC&lt;4A5253495600000010BAA1DB20C472CA80CCFA0C235D9F0E4D2B5A6D3F7542DE6D7D1FB71A3E60EAE4&gt;</connectionPassword>
</jdbcDataSource>
