<?xml version="1.0" encoding="UTF-8"?>
<xmlaConnection exportedWithPermissions="true">
    <folder>/organizations/organization_1/performance/connections</folder>
    <name>ProfileXmlaConnection</name>
    <version>1</version>
    <label>Profile XMLA Connection</label>
    <description>Profile XML/A Connection</description>
    <creationDate>2023-04-19T04:32:41.391-07:00</creationDate>
    <updateDate>2023-04-19T04:32:41.494-07:00</updateDate>
    <connectionURL>http://localhost:8080/jasperserver-pro/xmla</connectionURL>
    <dataSource>Provider=Mondrian;DataSource=JRS</dataSource>
    <catalog>Profile</catalog>
    <connectionUser>jasperadmin</connectionUser>
    <connectionPassword>ENC&lt;4A5253495600000010A193DC8796FAD72F43CB2D48206A97031D798CF153F659E9CA6EE6DA143C1E9E&gt;</connectionPassword>
</xmlaConnection>
