<?xml version="1.0" encoding="UTF-8"?>
<fileResource exportedWithPermissions="true" dataFile="sourcesanspro-regular-webfont.woff.data">
    <folder>/organizations/organization_1/themes/default/jasper-ui/fonts</folder>
    <name>sourcesanspro-regular-webfont.woff</name>
    <version>0</version>
    <label>sourcesanspro-regular-webfont.woff</label>
    <creationDate>2021-10-29T02:03:27.008-07:00</creationDate>
    <updateDate>2021-10-29T02:03:27.008-07:00</updateDate>
    <fileType>font</fileType>
</fileResource>
